book,chapter,verse,tafsir
هوشع,1,1,"المقدمة
هوشع,1,2,"الإصحاح الأول
هوشع,1,3,"الإصحاح الأول
هوشع,1,4,"الإصحاح الأول
هوشع,1,5,"الإصحاح الأول
هوشع,1,6,"الإصحاح الأول
هوشع,1,7,"الإصحاح الأول
هوشع,1,8,"الإصحاح الأول
هوشع,1,9,"الإصحاح الأول
هوشع,1,10,"الإصحاح الأول
هوشع,1,11,"الإصحاح الأول
هوشع,1,12,"الإصحاح الأول
هوشع,1,13,"الإصحاح الأول
هوشع,1,14,"الإصحاح الأول
هوشع,1,15,"الإصحاح الأول
هوشع,1,16,"الإصحاح الأول
هوشع,1,17,"الإصحاح الأول
هوشع,1,18,"الإصحاح الأول
هوشع,1,19,"الإصحاح الأول
هوشع,1,20,"الإصحاح الأول
هوشع,1,21,"الإصحاح الأول
هوشع,1,22,"الإصحاح الأول
هوشع,1,23,"الإصحاح الأول
هوشع,1,24,"الإصحاح الأول
هوشع,1,25,"الإصحاح الأول
هوشع,1,26,"الإصحاح الأول
هوشع,1,27,"الإصحاح الأول
هوشع,1,28,"الإصحاح الأول
هوشع,1,29,"الإصحاح الأول
هوشع,1,30,"الإصحاح الأول
هوشع,1,31,"الإصحاح الأول
هوشع,1,32,"الإصحاح الأول
هوشع,1,33,"الإصحاح الأول
هوشع,1,34,"الإصحاح الأول
هوشع,1,35,"الإصحاح الأول
هوشع,1,36,"الإصحاح الأول
هوشع,1,37,"الإصحاح الأول
هوشع,1,38,"الإصحاح الأول
هوشع,1,39,"الإصحاح الأول
هوشع,1,40,"الإصحاح الأول
هوشع,1,41,"الإصحاح الأول
هوشع,1,42,"الإصحاح الأول
هوشع,1,43,"الإصحاح الأول
هوشع,1,44,"الإصحاح الأول
هوشع,1,45,"الإصحاح الأول
هوشع,1,46,"الإصحاح الأول
هوشع,1,47,"الإصحاح الأول
هوشع,1,48,"الإصحاح الأول
هوشع,1,49,"الإصحاح الأول
هوشع,1,50,"الإصحاح الأول
هوشع,1,51,"الإصحاح الأول
هوشع,1,52,"الإصحاح الأول
هوشع,1,53,"الإصحاح الأول
هوشع,1,54,"الإصحاح الأول
هوشع,1,55,"الإصحاح الأول
هوشع,1,56,"الإصحاح الأول
هوشع,1,57,"الإصحاح الأول
هوشع,1,58,"الإصحاح الأول
هوشع,1,59,"الإصحاح الأول
هوشع,1,60,"الإصحاح الأول
هوشع,1,61,"الإصحاح الأول
هوشع,1,62,"الإصحاح الأول
هوشع,1,63,"الإصحاح الأول
هوشع,1,64,"الإصحاح الأول
هوشع,1,65,"الإصحاح الأول
هوشع,1,66,"الإصحاح الأول
هوشع,1,67,"الإصحاح الأول
هوشع,1,68,"الإصحاح الأول
هوشع,1,69,"الإصحاح الأول
هوشع,1,70,"الإصحاح الأول
هوشع,1,71,"الإصحاح الأول
هوشع,1,72,"الإصحاح الأول
هوشع,1,73,"الإصحاح الأول
هوشع,1,74,"الإصحاح الأول
هوشع,1,75,"الإصحاح الأول
هوشع,1,76,"الإصحاح الأول
هوشع,1,77,"الإصحاح الأول
هوشع,1,78,"الإصحاح الأول
هوشع,1,79,"الإصحاح الأول
هوشع,1,80,"الإصحاح الأول
هوشع,1,81,"الإصحاح الأول
هوشع,1,82,"الإصحاح الأول
هوشع,1,83,"الإصحاح الأول
هوشع,1,84,"الإصحاح الأول
هوشع,1,85,"الإصحاح الأول
هوشع,1,86,"الإصحاح الأول
هوشع,1,87,"الإصحاح الأول
هوشع,1,88,"الإصحاح الأول
هوشع,1,89,"الإصحاح الأول
هوشع,1,90,"الإصحاح الأول
هوشع,1,91,"الإصحاح الأول
هوشع,1,92,"الإصحاح الأول
هوشع,1,93,"الإصحاح الأول
هوشع,1,94,"الإصحاح الأول
هوشع,1,95,"الإصحاح الأول
هوشع,1,96,"الإصحاح الأول
هوشع,1,97,"الإصحاح الأول
هوشع,1,98,"الإصحاح الأول
هوشع,1,99,"الإصحاح الأول
هوشع,2,1,"الإصحاح الثاني
هوشع,2,2,"الإصحاح الثاني
هوشع,2,3,"الإصحاح الثاني
هوشع,2,4,"الإصحاح الثاني
هوشع,2,5,"الإصحاح الثاني
هوشع,2,6,"الإصحاح الثاني
هوشع,2,7,"الإصحاح الثاني
هوشع,2,8,"الإصحاح الثاني
هوشع,2,9,"الإصحاح الثاني
هوشع,2,10,"الإصحاح الثاني
هوشع,2,11,"الإصحاح الثاني
هوشع,2,12,"الإصحاح الثاني
هوشع,2,13,"الإصحاح الثاني
هوشع,2,14,"الإصحاح الثاني
هوشع,2,15,"الإصحاح الثاني
هوشع,2,16,"الإصحاح الثاني
هوشع,2,17,"الإصحاح الثاني
هوشع,2,18,"الإصحاح الثاني
هوشع,2,19,"الإصحاح الثاني
هوشع,2,20,"الإصحاح الثاني
هوشع,2,21,"الإصحاح الثاني
هوشع,2,22,"الإصحاح الثاني
هوشع,2,23,"الإصحاح الثاني
هوشع,2,24,"الإصحاح الثاني
هوشع,2,25,"الإصحاح الثاني
هوشع,2,26,"الإصحاح الثاني
هوشع,2,27,"الإصحاح الثاني
هوشع,2,28,"الإصحاح الثاني
هوشع,2,29,"الإصحاح الثاني
هوشع,2,30,"الإصحاح الثاني
هوشع,2,31,"الإصحاح الثاني
هوشع,2,32,"الإصحاح الثاني
هوشع,2,33,"الإصحاح الثاني
هوشع,2,34,"الإصحاح الثاني
هوشع,2,35,"الإصحاح الثاني
هوشع,2,36,"الإصحاح الثاني
هوشع,2,37,"الإصحاح الثاني
هوشع,2,38,"الإصحاح الثاني
هوشع,2,39,"الإصحاح الثاني
هوشع,2,40,"الإصحاح الثاني
هوشع,2,41,"الإصحاح الثاني
هوشع,2,42,"الإصحاح الثاني
هوشع,2,43,"الإصحاح الثاني
هوشع,2,44,"الإصحاح الثاني
هوشع,2,45,"الإصحاح الثاني
هوشع,2,46,"الإصحاح الثاني
هوشع,2,47,"الإصحاح الثاني
هوشع,2,48,"الإصحاح الثاني
هوشع,2,49,"الإصحاح الثاني
هوشع,2,50,"الإصحاح الثاني
هوشع,2,51,"الإصحاح الثاني
هوشع,2,52,"الإصحاح الثاني
هوشع,2,53,"الإصحاح الثاني
هوشع,2,54,"الإصحاح الثاني
هوشع,2,55,"الإصحاح الثاني
هوشع,2,56,"الإصحاح الثاني
هوشع,2,57,"الإصحاح الثاني
هوشع,2,58,"الإصحاح الثاني
هوشع,2,59,"الإصحاح الثاني
هوشع,2,60,"الإصحاح الثاني
هوشع,2,61,"الإصحاح الثاني
هوشع,2,62,"الإصحاح الثاني
هوشع,2,63,"الإصحاح الثاني
هوشع,2,64,"الإصحاح الثاني
هوشع,2,65,"الإصحاح الثاني
هوشع,2,66,"الإصحاح الثاني
هوشع,2,67,"الإصحاح الثاني
هوشع,2,68,"الإصحاح الثاني
هوشع,2,69,"الإصحاح الثاني
هوشع,2,70,"الإصحاح الثاني
هوشع,2,71,"الإصحاح الثاني
هوشع,2,72,"الإصحاح الثاني
هوشع,2,73,"الإصحاح الثاني
هوشع,2,74,"الإصحاح الثاني
هوشع,2,75,"الإصحاح الثاني
هوشع,2,76,"الإصحاح الثاني
هوشع,2,77,"الإصحاح الثاني
هوشع,2,78,"الإصحاح الثاني
هوشع,2,79,"الإصحاح الثاني
هوشع,2,80,"الإصحاح الثاني
هوشع,2,81,"الإصحاح الثاني
هوشع,2,82,"الإصحاح الثاني
هوشع,2,83,"الإصحاح الثاني
هوشع,2,84,"الإصحاح الثاني
هوشع,2,85,"الإصحاح الثاني
هوشع,2,86,"الإصحاح الثاني
هوشع,2,87,"الإصحاح الثاني
هوشع,2,88,"الإصحاح الثاني
هوشع,2,89,"الإصحاح الثاني
هوشع,2,90,"الإصحاح الثاني
هوشع,2,91,"الإصحاح الثاني
هوشع,2,92,"الإصحاح الثاني
هوشع,2,93,"الإصحاح الثاني
هوشع,2,94,"الإصحاح الثاني
هوشع,2,95,"الإصحاح الثاني
هوشع,2,96,"الإصحاح الثاني
هوشع,2,97,"الإصحاح الثاني
هوشع,2,98,"الإصحاح الثاني
هوشع,2,99,"الإصحاح الثاني
هوشع,3,1,"الإصحاح الثالث 
هوشع,3,2,"الإصحاح الثالث 
هوشع,3,3,"الإصحاح الثالث 
هوشع,3,4,"الإصحاح الثالث 
هوشع,3,5,"الإصحاح الثالث 
هوشع,3,6,"الإصحاح الثالث 
هوشع,3,7,"الإصحاح الثالث 
هوشع,3,8,"الإصحاح الثالث 
هوشع,3,9,"الإصحاح الثالث 
هوشع,3,10,"الإصحاح الثالث 
هوشع,3,11,"الإصحاح الثالث 
هوشع,3,12,"الإصحاح الثالث 
هوشع,3,13,"الإصحاح الثالث 
هوشع,3,14,"الإصحاح الثالث 
هوشع,3,15,"الإصحاح الثالث 
هوشع,3,16,"الإصحاح الثالث 
هوشع,3,17,"الإصحاح الثالث 
هوشع,3,18,"الإصحاح الثالث 
هوشع,3,19,"الإصحاح الثالث 
هوشع,3,20,"الإصحاح الثالث 
هوشع,3,21,"الإصحاح الثالث 
هوشع,3,22,"الإصحاح الثالث 
هوشع,3,23,"الإصحاح الثالث 
هوشع,3,24,"الإصحاح الثالث 
هوشع,3,25,"الإصحاح الثالث 
هوشع,3,26,"الإصحاح الثالث 
هوشع,3,27,"الإصحاح الثالث 
هوشع,3,28,"الإصحاح الثالث 
هوشع,3,29,"الإصحاح الثالث 
هوشع,3,30,"الإصحاح الثالث 
هوشع,3,31,"الإصحاح الثالث 
هوشع,3,32,"الإصحاح الثالث 
هوشع,3,33,"الإصحاح الثالث 
هوشع,3,34,"الإصحاح الثالث 
هوشع,3,35,"الإصحاح الثالث 
هوشع,3,36,"الإصحاح الثالث 
هوشع,3,37,"الإصحاح الثالث 
هوشع,3,38,"الإصحاح الثالث 
هوشع,3,39,"الإصحاح الثالث 
هوشع,3,40,"الإصحاح الثالث 
هوشع,3,41,"الإصحاح الثالث 
هوشع,3,42,"الإصحاح الثالث 
هوشع,3,43,"الإصحاح الثالث 
هوشع,3,44,"الإصحاح الثالث 
هوشع,3,45,"الإصحاح الثالث 
هوشع,3,46,"الإصحاح الثالث 
هوشع,3,47,"الإصحاح الثالث 
هوشع,3,48,"الإصحاح الثالث 
هوشع,3,49,"الإصحاح الثالث 
هوشع,3,50,"الإصحاح الثالث 
هوشع,3,51,"الإصحاح الثالث 
هوشع,3,52,"الإصحاح الثالث 
هوشع,3,53,"الإصحاح الثالث 
هوشع,3,54,"الإصحاح الثالث 
هوشع,3,55,"الإصحاح الثالث 
هوشع,3,56,"الإصحاح الثالث 
هوشع,3,57,"الإصحاح الثالث 
هوشع,3,58,"الإصحاح الثالث 
هوشع,3,59,"الإصحاح الثالث 
هوشع,3,60,"الإصحاح الثالث 
هوشع,3,61,"الإصحاح الثالث 
هوشع,3,62,"الإصحاح الثالث 
هوشع,3,63,"الإصحاح الثالث 
هوشع,3,64,"الإصحاح الثالث 
هوشع,3,65,"الإصحاح الثالث 
هوشع,3,66,"الإصحاح الثالث 
هوشع,3,67,"الإصحاح الثالث 
هوشع,3,68,"الإصحاح الثالث 
هوشع,3,69,"الإصحاح الثالث 
هوشع,3,70,"الإصحاح الثالث 
هوشع,3,71,"الإصحاح الثالث 
هوشع,3,72,"الإصحاح الثالث 
هوشع,3,73,"الإصحاح الثالث 
هوشع,3,74,"الإصحاح الثالث 
هوشع,3,75,"الإصحاح الثالث 
هوشع,3,76,"الإصحاح الثالث 
هوشع,3,77,"الإصحاح الثالث 
هوشع,3,78,"الإصحاح الثالث 
هوشع,3,79,"الإصحاح الثالث 
هوشع,3,80,"الإصحاح الثالث 
هوشع,3,81,"الإصحاح الثالث 
هوشع,3,82,"الإصحاح الثالث 
هوشع,3,83,"الإصحاح الثالث 
هوشع,3,84,"الإصحاح الثالث 
هوشع,3,85,"الإصحاح الثالث 
هوشع,3,86,"الإصحاح الثالث 
هوشع,3,87,"الإصحاح الثالث 
هوشع,3,88,"الإصحاح الثالث 
هوشع,3,89,"الإصحاح الثالث 
هوشع,3,90,"الإصحاح الثالث 
هوشع,3,91,"الإصحاح الثالث 
هوشع,3,92,"الإصحاح الثالث 
هوشع,3,93,"الإصحاح الثالث 
هوشع,3,94,"الإصحاح الثالث 
هوشع,3,95,"الإصحاح الثالث 
هوشع,3,96,"الإصحاح الثالث 
هوشع,3,97,"الإصحاح الثالث 
هوشع,3,98,"الإصحاح الثالث 
هوشع,3,99,"الإصحاح الثالث 
هوشع,4,1,"الإصحاح الرابع
هوشع,4,2,"الإصحاح الرابع
هوشع,4,3,"الإصحاح الرابع
هوشع,4,4,"الإصحاح الرابع
هوشع,4,5,"الإصحاح الرابع
هوشع,4,6,"الإصحاح الرابع
هوشع,4,7,"الإصحاح الرابع
هوشع,4,8,"الإصحاح الرابع
هوشع,4,9,"الإصحاح الرابع
هوشع,4,10,"الإصحاح الرابع
هوشع,4,11,"الإصحاح الرابع
هوشع,4,12,"الإصحاح الرابع
هوشع,4,13,"الإصحاح الرابع
هوشع,4,14,"الإصحاح الرابع
هوشع,4,15,"الإصحاح الرابع
هوشع,4,16,"الإصحاح الرابع
هوشع,4,17,"الإصحاح الرابع
هوشع,4,18,"الإصحاح الرابع
هوشع,4,19,"الإصحاح الرابع
هوشع,4,20,"الإصحاح الرابع
هوشع,4,21,"الإصحاح الرابع
هوشع,4,22,"الإصحاح الرابع
هوشع,4,23,"الإصحاح الرابع
هوشع,4,24,"الإصحاح الرابع
هوشع,4,25,"الإصحاح الرابع
هوشع,4,26,"الإصحاح الرابع
هوشع,4,27,"الإصحاح الرابع
هوشع,4,28,"الإصحاح الرابع
هوشع,4,29,"الإصحاح الرابع
هوشع,4,30,"الإصحاح الرابع
هوشع,4,31,"الإصحاح الرابع
هوشع,4,32,"الإصحاح الرابع
هوشع,4,33,"الإصحاح الرابع
هوشع,4,34,"الإصحاح الرابع
هوشع,4,35,"الإصحاح الرابع
هوشع,4,36,"الإصحاح الرابع
هوشع,4,37,"الإصحاح الرابع
هوشع,4,38,"الإصحاح الرابع
هوشع,4,39,"الإصحاح الرابع
هوشع,4,40,"الإصحاح الرابع
هوشع,4,41,"الإصحاح الرابع
هوشع,4,42,"الإصحاح الرابع
هوشع,4,43,"الإصحاح الرابع
هوشع,4,44,"الإصحاح الرابع
هوشع,4,45,"الإصحاح الرابع
هوشع,4,46,"الإصحاح الرابع
هوشع,4,47,"الإصحاح الرابع
هوشع,4,48,"الإصحاح الرابع
هوشع,4,49,"الإصحاح الرابع
هوشع,4,50,"الإصحاح الرابع
هوشع,4,51,"الإصحاح الرابع
هوشع,4,52,"الإصحاح الرابع
هوشع,4,53,"الإصحاح الرابع
هوشع,4,54,"الإصحاح الرابع
هوشع,4,55,"الإصحاح الرابع
هوشع,4,56,"الإصحاح الرابع
هوشع,4,57,"الإصحاح الرابع
هوشع,4,58,"الإصحاح الرابع
هوشع,4,59,"الإصحاح الرابع
هوشع,4,60,"الإصحاح الرابع
هوشع,4,61,"الإصحاح الرابع
هوشع,4,62,"الإصحاح الرابع
هوشع,4,63,"الإصحاح الرابع
هوشع,4,64,"الإصحاح الرابع
هوشع,4,65,"الإصحاح الرابع
هوشع,4,66,"الإصحاح الرابع
هوشع,4,67,"الإصحاح الرابع
هوشع,4,68,"الإصحاح الرابع
هوشع,4,69,"الإصحاح الرابع
هوشع,4,70,"الإصحاح الرابع
هوشع,4,71,"الإصحاح الرابع
هوشع,4,72,"الإصحاح الرابع
هوشع,4,73,"الإصحاح الرابع
هوشع,4,74,"الإصحاح الرابع
هوشع,4,75,"الإصحاح الرابع
هوشع,4,76,"الإصحاح الرابع
هوشع,4,77,"الإصحاح الرابع
هوشع,4,78,"الإصحاح الرابع
هوشع,4,79,"الإصحاح الرابع
هوشع,4,80,"الإصحاح الرابع
هوشع,4,81,"الإصحاح الرابع
هوشع,4,82,"الإصحاح الرابع
هوشع,4,83,"الإصحاح الرابع
هوشع,4,84,"الإصحاح الرابع
هوشع,4,85,"الإصحاح الرابع
هوشع,4,86,"الإصحاح الرابع
هوشع,4,87,"الإصحاح الرابع
هوشع,4,88,"الإصحاح الرابع
هوشع,4,89,"الإصحاح الرابع
هوشع,4,90,"الإصحاح الرابع
هوشع,4,91,"الإصحاح الرابع
هوشع,4,92,"الإصحاح الرابع
هوشع,4,93,"الإصحاح الرابع
هوشع,4,94,"الإصحاح الرابع
هوشع,4,95,"الإصحاح الرابع
هوشع,4,96,"الإصحاح الرابع
هوشع,4,97,"الإصحاح الرابع
هوشع,4,98,"الإصحاح الرابع
هوشع,4,99,"الإصحاح الرابع
هوشع,5,1,"الإصحاح الخامس
هوشع,5,2,"الإصحاح الخامس
هوشع,5,3,"الإصحاح الخامس
هوشع,5,4,"الإصحاح الخامس
هوشع,5,5,"الإصحاح الخامس
هوشع,5,6,"الإصحاح الخامس
هوشع,5,7,"الإصحاح الخامس
هوشع,5,8,"الإصحاح الخامس
هوشع,5,9,"الإصحاح الخامس
هوشع,5,10,"الإصحاح الخامس
هوشع,5,11,"الإصحاح الخامس
هوشع,5,12,"الإصحاح الخامس
هوشع,5,13,"الإصحاح الخامس
هوشع,5,14,"الإصحاح الخامس
هوشع,5,15,"الإصحاح الخامس
هوشع,5,16,"الإصحاح الخامس
هوشع,5,17,"الإصحاح الخامس
هوشع,5,18,"الإصحاح الخامس
هوشع,5,19,"الإصحاح الخامس
هوشع,5,20,"الإصحاح الخامس
هوشع,5,21,"الإصحاح الخامس
هوشع,5,22,"الإصحاح الخامس
هوشع,5,23,"الإصحاح الخامس
هوشع,5,24,"الإصحاح الخامس
هوشع,5,25,"الإصحاح الخامس
هوشع,5,26,"الإصحاح الخامس
هوشع,5,27,"الإصحاح الخامس
هوشع,5,28,"الإصحاح الخامس
هوشع,5,29,"الإصحاح الخامس
هوشع,5,30,"الإصحاح الخامس
هوشع,5,31,"الإصحاح الخامس
هوشع,5,32,"الإصحاح الخامس
هوشع,5,33,"الإصحاح الخامس
هوشع,5,34,"الإصحاح الخامس
هوشع,5,35,"الإصحاح الخامس
هوشع,5,36,"الإصحاح الخامس
هوشع,5,37,"الإصحاح الخامس
هوشع,5,38,"الإصحاح الخامس
هوشع,5,39,"الإصحاح الخامس
هوشع,5,40,"الإصحاح الخامس
هوشع,5,41,"الإصحاح الخامس
هوشع,5,42,"الإصحاح الخامس
هوشع,5,43,"الإصحاح الخامس
هوشع,5,44,"الإصحاح الخامس
هوشع,5,45,"الإصحاح الخامس
هوشع,5,46,"الإصحاح الخامس
هوشع,5,47,"الإصحاح الخامس
هوشع,5,48,"الإصحاح الخامس
هوشع,5,49,"الإصحاح الخامس
هوشع,5,50,"الإصحاح الخامس
هوشع,5,51,"الإصحاح الخامس
هوشع,5,52,"الإصحاح الخامس
هوشع,5,53,"الإصحاح الخامس
هوشع,5,54,"الإصحاح الخامس
هوشع,5,55,"الإصحاح الخامس
هوشع,5,56,"الإصحاح الخامس
هوشع,5,57,"الإصحاح الخامس
هوشع,5,58,"الإصحاح الخامس
هوشع,5,59,"الإصحاح الخامس
هوشع,5,60,"الإصحاح الخامس
هوشع,5,61,"الإصحاح الخامس
هوشع,5,62,"الإصحاح الخامس
هوشع,5,63,"الإصحاح الخامس
هوشع,5,64,"الإصحاح الخامس
هوشع,5,65,"الإصحاح الخامس
هوشع,5,66,"الإصحاح الخامس
هوشع,5,67,"الإصحاح الخامس
هوشع,5,68,"الإصحاح الخامس
هوشع,5,69,"الإصحاح الخامس
هوشع,5,70,"الإصحاح الخامس
هوشع,5,71,"الإصحاح الخامس
هوشع,5,72,"الإصحاح الخامس
هوشع,5,73,"الإصحاح الخامس
هوشع,5,74,"الإصحاح الخامس
هوشع,5,75,"الإصحاح الخامس
هوشع,5,76,"الإصحاح الخامس
هوشع,5,77,"الإصحاح الخامس
هوشع,5,78,"الإصحاح الخامس
هوشع,5,79,"الإصحاح الخامس
هوشع,5,80,"الإصحاح الخامس
هوشع,5,81,"الإصحاح الخامس
هوشع,5,82,"الإصحاح الخامس
هوشع,5,83,"الإصحاح الخامس
هوشع,5,84,"الإصحاح الخامس
هوشع,5,85,"الإصحاح الخامس
هوشع,5,86,"الإصحاح الخامس
هوشع,5,87,"الإصحاح الخامس
هوشع,5,88,"الإصحاح الخامس
هوشع,5,89,"الإصحاح الخامس
هوشع,5,90,"الإصحاح الخامس
هوشع,5,91,"الإصحاح الخامس
هوشع,5,92,"الإصحاح الخامس
هوشع,5,93,"الإصحاح الخامس
هوشع,5,94,"الإصحاح الخامس
هوشع,5,95,"الإصحاح الخامس
هوشع,5,96,"الإصحاح الخامس
هوشع,5,97,"الإصحاح الخامس
هوشع,5,98,"الإصحاح الخامس
هوشع,5,99,"الإصحاح الخامس
هوشع,6,1,"الإصحاح السادس
هوشع,6,2,"الإصحاح السادس
هوشع,6,3,"الإصحاح السادس
هوشع,6,4,"الإصحاح السادس
هوشع,6,5,"الإصحاح السادس
هوشع,6,6,"الإصحاح السادس
هوشع,6,7,"الإصحاح السادس
هوشع,6,8,"الإصحاح السادس
هوشع,6,9,"الإصحاح السادس
هوشع,6,10,"الإصحاح السادس
هوشع,6,11,"الإصحاح السادس
هوشع,6,12,"الإصحاح السادس
هوشع,6,13,"الإصحاح السادس
هوشع,6,14,"الإصحاح السادس
هوشع,6,15,"الإصحاح السادس
هوشع,6,16,"الإصحاح السادس
هوشع,6,17,"الإصحاح السادس
هوشع,6,18,"الإصحاح السادس
هوشع,6,19,"الإصحاح السادس
هوشع,6,20,"الإصحاح السادس
هوشع,6,21,"الإصحاح السادس
هوشع,6,22,"الإصحاح السادس
هوشع,6,23,"الإصحاح السادس
هوشع,6,24,"الإصحاح السادس
هوشع,6,25,"الإصحاح السادس
هوشع,6,26,"الإصحاح السادس
هوشع,6,27,"الإصحاح السادس
هوشع,6,28,"الإصحاح السادس
هوشع,6,29,"الإصحاح السادس
هوشع,6,30,"الإصحاح السادس
هوشع,6,31,"الإصحاح السادس
هوشع,6,32,"الإصحاح السادس
هوشع,6,33,"الإصحاح السادس
هوشع,6,34,"الإصحاح السادس
هوشع,6,35,"الإصحاح السادس
هوشع,6,36,"الإصحاح السادس
هوشع,6,37,"الإصحاح السادس
هوشع,6,38,"الإصحاح السادس
هوشع,6,39,"الإصحاح السادس
هوشع,6,40,"الإصحاح السادس
هوشع,6,41,"الإصحاح السادس
هوشع,6,42,"الإصحاح السادس
هوشع,6,43,"الإصحاح السادس
هوشع,6,44,"الإصحاح السادس
هوشع,6,45,"الإصحاح السادس
هوشع,6,46,"الإصحاح السادس
هوشع,6,47,"الإصحاح السادس
هوشع,6,48,"الإصحاح السادس
هوشع,6,49,"الإصحاح السادس
هوشع,6,50,"الإصحاح السادس
هوشع,6,51,"الإصحاح السادس
هوشع,6,52,"الإصحاح السادس
هوشع,6,53,"الإصحاح السادس
هوشع,6,54,"الإصحاح السادس
هوشع,6,55,"الإصحاح السادس
هوشع,6,56,"الإصحاح السادس
هوشع,6,57,"الإصحاح السادس
هوشع,6,58,"الإصحاح السادس
هوشع,6,59,"الإصحاح السادس
هوشع,6,60,"الإصحاح السادس
هوشع,6,61,"الإصحاح السادس
هوشع,6,62,"الإصحاح السادس
هوشع,6,63,"الإصحاح السادس
هوشع,6,64,"الإصحاح السادس
هوشع,6,65,"الإصحاح السادس
هوشع,6,66,"الإصحاح السادس
هوشع,6,67,"الإصحاح السادس
هوشع,6,68,"الإصحاح السادس
هوشع,6,69,"الإصحاح السادس
هوشع,6,70,"الإصحاح السادس
هوشع,6,71,"الإصحاح السادس
هوشع,6,72,"الإصحاح السادس
هوشع,6,73,"الإصحاح السادس
هوشع,6,74,"الإصحاح السادس
هوشع,6,75,"الإصحاح السادس
هوشع,6,76,"الإصحاح السادس
هوشع,6,77,"الإصحاح السادس
هوشع,6,78,"الإصحاح السادس
هوشع,6,79,"الإصحاح السادس
هوشع,6,80,"الإصحاح السادس
هوشع,6,81,"الإصحاح السادس
هوشع,6,82,"الإصحاح السادس
هوشع,6,83,"الإصحاح السادس
هوشع,6,84,"الإصحاح السادس
هوشع,6,85,"الإصحاح السادس
هوشع,6,86,"الإصحاح السادس
هوشع,6,87,"الإصحاح السادس
هوشع,6,88,"الإصحاح السادس
هوشع,6,89,"الإصحاح السادس
هوشع,6,90,"الإصحاح السادس
هوشع,6,91,"الإصحاح السادس
هوشع,6,92,"الإصحاح السادس
هوشع,6,93,"الإصحاح السادس
هوشع,6,94,"الإصحاح السادس
هوشع,6,95,"الإصحاح السادس
هوشع,6,96,"الإصحاح السادس
هوشع,6,97,"الإصحاح السادس
هوشع,6,98,"الإصحاح السادس
هوشع,6,99,"الإصحاح السادس
هوشع,7,1,"الإصحاح السابع
هوشع,7,2,"الإصحاح السابع
هوشع,7,3,"الإصحاح السابع
هوشع,7,4,"الإصحاح السابع
هوشع,7,5,"الإصحاح السابع
هوشع,7,6,"الإصحاح السابع
هوشع,7,7,"الإصحاح السابع
هوشع,7,8,"الإصحاح السابع
هوشع,7,9,"الإصحاح السابع
هوشع,7,10,"الإصحاح السابع
هوشع,7,11,"الإصحاح السابع
هوشع,7,12,"الإصحاح السابع
هوشع,7,13,"الإصحاح السابع
هوشع,7,14,"الإصحاح السابع
هوشع,7,15,"الإصحاح السابع
هوشع,7,16,"الإصحاح السابع
هوشع,7,17,"الإصحاح السابع
هوشع,7,18,"الإصحاح السابع
هوشع,7,19,"الإصحاح السابع
هوشع,7,20,"الإصحاح السابع
هوشع,7,21,"الإصحاح السابع
هوشع,7,22,"الإصحاح السابع
هوشع,7,23,"الإصحاح السابع
هوشع,7,24,"الإصحاح السابع
هوشع,7,25,"الإصحاح السابع
هوشع,7,26,"الإصحاح السابع
هوشع,7,27,"الإصحاح السابع
هوشع,7,28,"الإصحاح السابع
هوشع,7,29,"الإصحاح السابع
هوشع,7,30,"الإصحاح السابع
هوشع,7,31,"الإصحاح السابع
هوشع,7,32,"الإصحاح السابع
هوشع,7,33,"الإصحاح السابع
هوشع,7,34,"الإصحاح السابع
هوشع,7,35,"الإصحاح السابع
هوشع,7,36,"الإصحاح السابع
هوشع,7,37,"الإصحاح السابع
هوشع,7,38,"الإصحاح السابع
هوشع,7,39,"الإصحاح السابع
هوشع,7,40,"الإصحاح السابع
هوشع,7,41,"الإصحاح السابع
هوشع,7,42,"الإصحاح السابع
هوشع,7,43,"الإصحاح السابع
هوشع,7,44,"الإصحاح السابع
هوشع,7,45,"الإصحاح السابع
هوشع,7,46,"الإصحاح السابع
هوشع,7,47,"الإصحاح السابع
هوشع,7,48,"الإصحاح السابع
هوشع,7,49,"الإصحاح السابع
هوشع,7,50,"الإصحاح السابع
هوشع,7,51,"الإصحاح السابع
هوشع,7,52,"الإصحاح السابع
هوشع,7,53,"الإصحاح السابع
هوشع,7,54,"الإصحاح السابع
هوشع,7,55,"الإصحاح السابع
هوشع,7,56,"الإصحاح السابع
هوشع,7,57,"الإصحاح السابع
هوشع,7,58,"الإصحاح السابع
هوشع,7,59,"الإصحاح السابع
هوشع,7,60,"الإصحاح السابع
هوشع,7,61,"الإصحاح السابع
هوشع,7,62,"الإصحاح السابع
هوشع,7,63,"الإصحاح السابع
هوشع,7,64,"الإصحاح السابع
هوشع,7,65,"الإصحاح السابع
هوشع,7,66,"الإصحاح السابع
هوشع,7,67,"الإصحاح السابع
هوشع,7,68,"الإصحاح السابع
هوشع,7,69,"الإصحاح السابع
هوشع,7,70,"الإصحاح السابع
هوشع,7,71,"الإصحاح السابع
هوشع,7,72,"الإصحاح السابع
هوشع,7,73,"الإصحاح السابع
هوشع,7,74,"الإصحاح السابع
هوشع,7,75,"الإصحاح السابع
هوشع,7,76,"الإصحاح السابع
هوشع,7,77,"الإصحاح السابع
هوشع,7,78,"الإصحاح السابع
هوشع,7,79,"الإصحاح السابع
هوشع,7,80,"الإصحاح السابع
هوشع,7,81,"الإصحاح السابع
هوشع,7,82,"الإصحاح السابع
هوشع,7,83,"الإصحاح السابع
هوشع,7,84,"الإصحاح السابع
هوشع,7,85,"الإصحاح السابع
هوشع,7,86,"الإصحاح السابع
هوشع,7,87,"الإصحاح السابع
هوشع,7,88,"الإصحاح السابع
هوشع,7,89,"الإصحاح السابع
هوشع,7,90,"الإصحاح السابع
هوشع,7,91,"الإصحاح السابع
هوشع,7,92,"الإصحاح السابع
هوشع,7,93,"الإصحاح السابع
هوشع,7,94,"الإصحاح السابع
هوشع,7,95,"الإصحاح السابع
هوشع,7,96,"الإصحاح السابع
هوشع,7,97,"الإصحاح السابع
هوشع,7,98,"الإصحاح السابع
هوشع,7,99,"الإصحاح السابع
هوشع,8,1,"الإصحاح الثامن
هوشع,8,2,"الإصحاح الثامن
هوشع,8,3,"الإصحاح الثامن
هوشع,8,4,"الإصحاح الثامن
هوشع,8,5,"الإصحاح الثامن
هوشع,8,6,"الإصحاح الثامن
هوشع,8,7,"الإصحاح الثامن
هوشع,8,8,"الإصحاح الثامن
هوشع,8,9,"الإصحاح الثامن
هوشع,8,10,"الإصحاح الثامن
هوشع,8,11,"الإصحاح الثامن
هوشع,8,12,"الإصحاح الثامن
هوشع,8,13,"الإصحاح الثامن
هوشع,8,14,"الإصحاح الثامن
هوشع,8,15,"الإصحاح الثامن
هوشع,8,16,"الإصحاح الثامن
هوشع,8,17,"الإصحاح الثامن
هوشع,8,18,"الإصحاح الثامن
هوشع,8,19,"الإصحاح الثامن
هوشع,8,20,"الإصحاح الثامن
هوشع,8,21,"الإصحاح الثامن
هوشع,8,22,"الإصحاح الثامن
هوشع,8,23,"الإصحاح الثامن
هوشع,8,24,"الإصحاح الثامن
هوشع,8,25,"الإصحاح الثامن
هوشع,8,26,"الإصحاح الثامن
هوشع,8,27,"الإصحاح الثامن
هوشع,8,28,"الإصحاح الثامن
هوشع,8,29,"الإصحاح الثامن
هوشع,8,30,"الإصحاح الثامن
هوشع,8,31,"الإصحاح الثامن
هوشع,8,32,"الإصحاح الثامن
هوشع,8,33,"الإصحاح الثامن
هوشع,8,34,"الإصحاح الثامن
هوشع,8,35,"الإصحاح الثامن
هوشع,8,36,"الإصحاح الثامن
هوشع,8,37,"الإصحاح الثامن
هوشع,8,38,"الإصحاح الثامن
هوشع,8,39,"الإصحاح الثامن
هوشع,8,40,"الإصحاح الثامن
هوشع,8,41,"الإصحاح الثامن
هوشع,8,42,"الإصحاح الثامن
هوشع,8,43,"الإصحاح الثامن
هوشع,8,44,"الإصحاح الثامن
هوشع,8,45,"الإصحاح الثامن
هوشع,8,46,"الإصحاح الثامن
هوشع,8,47,"الإصحاح الثامن
هوشع,8,48,"الإصحاح الثامن
هوشع,8,49,"الإصحاح الثامن
هوشع,8,50,"الإصحاح الثامن
هوشع,8,51,"الإصحاح الثامن
هوشع,8,52,"الإصحاح الثامن
هوشع,8,53,"الإصحاح الثامن
هوشع,8,54,"الإصحاح الثامن
هوشع,8,55,"الإصحاح الثامن
هوشع,8,56,"الإصحاح الثامن
هوشع,8,57,"الإصحاح الثامن
هوشع,8,58,"الإصحاح الثامن
هوشع,8,59,"الإصحاح الثامن
هوشع,8,60,"الإصحاح الثامن
هوشع,8,61,"الإصحاح الثامن
هوشع,8,62,"الإصحاح الثامن
هوشع,8,63,"الإصحاح الثامن
هوشع,8,64,"الإصحاح الثامن
هوشع,8,65,"الإصحاح الثامن
هوشع,8,66,"الإصحاح الثامن
هوشع,8,67,"الإصحاح الثامن
هوشع,8,68,"الإصحاح الثامن
هوشع,8,69,"الإصحاح الثامن
هوشع,8,70,"الإصحاح الثامن
هوشع,8,71,"الإصحاح الثامن
هوشع,8,72,"الإصحاح الثامن
هوشع,8,73,"الإصحاح الثامن
هوشع,8,74,"الإصحاح الثامن
هوشع,8,75,"الإصحاح الثامن
هوشع,8,76,"الإصحاح الثامن
هوشع,8,77,"الإصحاح الثامن
هوشع,8,78,"الإصحاح الثامن
هوشع,8,79,"الإصحاح الثامن
هوشع,8,80,"الإصحاح الثامن
هوشع,8,81,"الإصحاح الثامن
هوشع,8,82,"الإصحاح الثامن
هوشع,8,83,"الإصحاح الثامن
هوشع,8,84,"الإصحاح الثامن
هوشع,8,85,"الإصحاح الثامن
هوشع,8,86,"الإصحاح الثامن
هوشع,8,87,"الإصحاح الثامن
هوشع,8,88,"الإصحاح الثامن
هوشع,8,89,"الإصحاح الثامن
هوشع,8,90,"الإصحاح الثامن
هوشع,8,91,"الإصحاح الثامن
هوشع,8,92,"الإصحاح الثامن
هوشع,8,93,"الإصحاح الثامن
هوشع,8,94,"الإصحاح الثامن
هوشع,8,95,"الإصحاح الثامن
هوشع,8,96,"الإصحاح الثامن
هوشع,8,97,"الإصحاح الثامن
هوشع,8,98,"الإصحاح الثامن
هوشع,8,99,"الإصحاح الثامن
هوشع,9,1,"الإصحاح التاسع
هوشع,9,2,"الإصحاح التاسع
هوشع,9,3,"الإصحاح التاسع
هوشع,9,4,"الإصحاح التاسع
هوشع,9,5,"الإصحاح التاسع
هوشع,9,6,"الإصحاح التاسع
هوشع,9,7,"الإصحاح التاسع
هوشع,9,8,"الإصحاح التاسع
هوشع,9,9,"الإصحاح التاسع
هوشع,9,10,"الإصحاح التاسع
هوشع,9,11,"الإصحاح التاسع
هوشع,9,12,"الإصحاح التاسع
هوشع,9,13,"الإصحاح التاسع
هوشع,9,14,"الإصحاح التاسع
هوشع,9,15,"الإصحاح التاسع
هوشع,9,16,"الإصحاح التاسع
هوشع,9,17,"الإصحاح التاسع
هوشع,9,18,"الإصحاح التاسع
هوشع,9,19,"الإصحاح التاسع
هوشع,9,20,"الإصحاح التاسع
هوشع,9,21,"الإصحاح التاسع
هوشع,9,22,"الإصحاح التاسع
هوشع,9,23,"الإصحاح التاسع
هوشع,9,24,"الإصحاح التاسع
هوشع,9,25,"الإصحاح التاسع
هوشع,9,26,"الإصحاح التاسع
هوشع,9,27,"الإصحاح التاسع
هوشع,9,28,"الإصحاح التاسع
هوشع,9,29,"الإصحاح التاسع
هوشع,9,30,"الإصحاح التاسع
هوشع,9,31,"الإصحاح التاسع
هوشع,9,32,"الإصحاح التاسع
هوشع,9,33,"الإصحاح التاسع
هوشع,9,34,"الإصحاح التاسع
هوشع,9,35,"الإصحاح التاسع
هوشع,9,36,"الإصحاح التاسع
هوشع,9,37,"الإصحاح التاسع
هوشع,9,38,"الإصحاح التاسع
هوشع,9,39,"الإصحاح التاسع
هوشع,9,40,"الإصحاح التاسع
هوشع,9,41,"الإصحاح التاسع
هوشع,9,42,"الإصحاح التاسع
هوشع,9,43,"الإصحاح التاسع
هوشع,9,44,"الإصحاح التاسع
هوشع,9,45,"الإصحاح التاسع
هوشع,9,46,"الإصحاح التاسع
هوشع,9,47,"الإصحاح التاسع
هوشع,9,48,"الإصحاح التاسع
هوشع,9,49,"الإصحاح التاسع
هوشع,9,50,"الإصحاح التاسع
هوشع,9,51,"الإصحاح التاسع
هوشع,9,52,"الإصحاح التاسع
هوشع,9,53,"الإصحاح التاسع
هوشع,9,54,"الإصحاح التاسع
هوشع,9,55,"الإصحاح التاسع
هوشع,9,56,"الإصحاح التاسع
هوشع,9,57,"الإصحاح التاسع
هوشع,9,58,"الإصحاح التاسع
هوشع,9,59,"الإصحاح التاسع
هوشع,9,60,"الإصحاح التاسع
هوشع,9,61,"الإصحاح التاسع
هوشع,9,62,"الإصحاح التاسع
هوشع,9,63,"الإصحاح التاسع
هوشع,9,64,"الإصحاح التاسع
هوشع,9,65,"الإصحاح التاسع
هوشع,9,66,"الإصحاح التاسع
هوشع,9,67,"الإصحاح التاسع
هوشع,9,68,"الإصحاح التاسع
هوشع,9,69,"الإصحاح التاسع
هوشع,9,70,"الإصحاح التاسع
هوشع,9,71,"الإصحاح التاسع
هوشع,9,72,"الإصحاح التاسع
هوشع,9,73,"الإصحاح التاسع
هوشع,9,74,"الإصحاح التاسع
هوشع,9,75,"الإصحاح التاسع
هوشع,9,76,"الإصحاح التاسع
هوشع,9,77,"الإصحاح التاسع
هوشع,9,78,"الإصحاح التاسع
هوشع,9,79,"الإصحاح التاسع
هوشع,9,80,"الإصحاح التاسع
هوشع,9,81,"الإصحاح التاسع
هوشع,9,82,"الإصحاح التاسع
هوشع,9,83,"الإصحاح التاسع
هوشع,9,84,"الإصحاح التاسع
هوشع,9,85,"الإصحاح التاسع
هوشع,9,86,"الإصحاح التاسع
هوشع,9,87,"الإصحاح التاسع
هوشع,9,88,"الإصحاح التاسع
هوشع,9,89,"الإصحاح التاسع
هوشع,9,90,"الإصحاح التاسع
هوشع,9,91,"الإصحاح التاسع
هوشع,9,92,"الإصحاح التاسع
هوشع,9,93,"الإصحاح التاسع
هوشع,9,94,"الإصحاح التاسع
هوشع,9,95,"الإصحاح التاسع
هوشع,9,96,"الإصحاح التاسع
هوشع,9,97,"الإصحاح التاسع
هوشع,9,98,"الإصحاح التاسع
هوشع,9,99,"الإصحاح التاسع
هوشع,10,1,"الإصحاح العاشر
هوشع,10,2,"الإصحاح العاشر
هوشع,10,3,"الإصحاح العاشر
هوشع,10,4,"الإصحاح العاشر
هوشع,10,5,"الإصحاح العاشر
هوشع,10,6,"الإصحاح العاشر
هوشع,10,7,"الإصحاح العاشر
هوشع,10,8,"الإصحاح العاشر
هوشع,10,9,"الإصحاح العاشر
هوشع,10,10,"الإصحاح العاشر
هوشع,10,11,"الإصحاح العاشر
هوشع,10,12,"الإصحاح العاشر
هوشع,10,13,"الإصحاح العاشر
هوشع,10,14,"الإصحاح العاشر
هوشع,10,15,"الإصحاح العاشر
هوشع,10,16,"الإصحاح العاشر
هوشع,10,17,"الإصحاح العاشر
هوشع,10,18,"الإصحاح العاشر
هوشع,10,19,"الإصحاح العاشر
هوشع,10,20,"الإصحاح العاشر
هوشع,10,21,"الإصحاح العاشر
هوشع,10,22,"الإصحاح العاشر
هوشع,10,23,"الإصحاح العاشر
هوشع,10,24,"الإصحاح العاشر
هوشع,10,25,"الإصحاح العاشر
هوشع,10,26,"الإصحاح العاشر
هوشع,10,27,"الإصحاح العاشر
هوشع,10,28,"الإصحاح العاشر
هوشع,10,29,"الإصحاح العاشر
هوشع,10,30,"الإصحاح العاشر
هوشع,10,31,"الإصحاح العاشر
هوشع,10,32,"الإصحاح العاشر
هوشع,10,33,"الإصحاح العاشر
هوشع,10,34,"الإصحاح العاشر
هوشع,10,35,"الإصحاح العاشر
هوشع,10,36,"الإصحاح العاشر
هوشع,10,37,"الإصحاح العاشر
هوشع,10,38,"الإصحاح العاشر
هوشع,10,39,"الإصحاح العاشر
هوشع,10,40,"الإصحاح العاشر
هوشع,10,41,"الإصحاح العاشر
هوشع,10,42,"الإصحاح العاشر
هوشع,10,43,"الإصحاح العاشر
هوشع,10,44,"الإصحاح العاشر
هوشع,10,45,"الإصحاح العاشر
هوشع,10,46,"الإصحاح العاشر
هوشع,10,47,"الإصحاح العاشر
هوشع,10,48,"الإصحاح العاشر
هوشع,10,49,"الإصحاح العاشر
هوشع,10,50,"الإصحاح العاشر
هوشع,10,51,"الإصحاح العاشر
هوشع,10,52,"الإصحاح العاشر
هوشع,10,53,"الإصحاح العاشر
هوشع,10,54,"الإصحاح العاشر
هوشع,10,55,"الإصحاح العاشر
هوشع,10,56,"الإصحاح العاشر
هوشع,10,57,"الإصحاح العاشر
هوشع,10,58,"الإصحاح العاشر
هوشع,10,59,"الإصحاح العاشر
هوشع,10,60,"الإصحاح العاشر
هوشع,10,61,"الإصحاح العاشر
هوشع,10,62,"الإصحاح العاشر
هوشع,10,63,"الإصحاح العاشر
هوشع,10,64,"الإصحاح العاشر
هوشع,10,65,"الإصحاح العاشر
هوشع,10,66,"الإصحاح العاشر
هوشع,10,67,"الإصحاح العاشر
هوشع,10,68,"الإصحاح العاشر
هوشع,10,69,"الإصحاح العاشر
هوشع,10,70,"الإصحاح العاشر
هوشع,10,71,"الإصحاح العاشر
هوشع,10,72,"الإصحاح العاشر
هوشع,10,73,"الإصحاح العاشر
هوشع,10,74,"الإصحاح العاشر
هوشع,10,75,"الإصحاح العاشر
هوشع,10,76,"الإصحاح العاشر
هوشع,10,77,"الإصحاح العاشر
هوشع,10,78,"الإصحاح العاشر
هوشع,10,79,"الإصحاح العاشر
هوشع,10,80,"الإصحاح العاشر
هوشع,10,81,"الإصحاح العاشر
هوشع,10,82,"الإصحاح العاشر
هوشع,10,83,"الإصحاح العاشر
هوشع,10,84,"الإصحاح العاشر
هوشع,10,85,"الإصحاح العاشر
هوشع,10,86,"الإصحاح العاشر
هوشع,10,87,"الإصحاح العاشر
هوشع,10,88,"الإصحاح العاشر
هوشع,10,89,"الإصحاح العاشر
هوشع,10,90,"الإصحاح العاشر
هوشع,10,91,"الإصحاح العاشر
هوشع,10,92,"الإصحاح العاشر
هوشع,10,93,"الإصحاح العاشر
هوشع,10,94,"الإصحاح العاشر
هوشع,10,95,"الإصحاح العاشر
هوشع,10,96,"الإصحاح العاشر
هوشع,10,97,"الإصحاح العاشر
هوشع,10,98,"الإصحاح العاشر
هوشع,10,99,"الإصحاح العاشر
هوشع,11,1,"الإصحاح الحادي عشر
هوشع,11,2,"الإصحاح الحادي عشر
هوشع,11,3,"الإصحاح الحادي عشر
هوشع,11,4,"الإصحاح الحادي عشر
هوشع,11,5,"الإصحاح الحادي عشر
هوشع,11,6,"الإصحاح الحادي عشر
هوشع,11,7,"الإصحاح الحادي عشر
هوشع,11,8,"الإصحاح الحادي عشر
هوشع,11,9,"الإصحاح الحادي عشر
هوشع,11,10,"الإصحاح الحادي عشر
هوشع,11,11,"الإصحاح الحادي عشر
هوشع,11,12,"الإصحاح الحادي عشر
هوشع,11,13,"الإصحاح الحادي عشر
هوشع,11,14,"الإصحاح الحادي عشر
هوشع,11,15,"الإصحاح الحادي عشر
هوشع,11,16,"الإصحاح الحادي عشر
هوشع,11,17,"الإصحاح الحادي عشر
هوشع,11,18,"الإصحاح الحادي عشر
هوشع,11,19,"الإصحاح الحادي عشر
هوشع,11,20,"الإصحاح الحادي عشر
هوشع,11,21,"الإصحاح الحادي عشر
هوشع,11,22,"الإصحاح الحادي عشر
هوشع,11,23,"الإصحاح الحادي عشر
هوشع,11,24,"الإصحاح الحادي عشر
هوشع,11,25,"الإصحاح الحادي عشر
هوشع,11,26,"الإصحاح الحادي عشر
هوشع,11,27,"الإصحاح الحادي عشر
هوشع,11,28,"الإصحاح الحادي عشر
هوشع,11,29,"الإصحاح الحادي عشر
هوشع,11,30,"الإصحاح الحادي عشر
هوشع,11,31,"الإصحاح الحادي عشر
هوشع,11,32,"الإصحاح الحادي عشر
هوشع,11,33,"الإصحاح الحادي عشر
هوشع,11,34,"الإصحاح الحادي عشر
هوشع,11,35,"الإصحاح الحادي عشر
هوشع,11,36,"الإصحاح الحادي عشر
هوشع,11,37,"الإصحاح الحادي عشر
هوشع,11,38,"الإصحاح الحادي عشر
هوشع,11,39,"الإصحاح الحادي عشر
هوشع,11,40,"الإصحاح الحادي عشر
هوشع,11,41,"الإصحاح الحادي عشر
هوشع,11,42,"الإصحاح الحادي عشر
هوشع,11,43,"الإصحاح الحادي عشر
هوشع,11,44,"الإصحاح الحادي عشر
هوشع,11,45,"الإصحاح الحادي عشر
هوشع,11,46,"الإصحاح الحادي عشر
هوشع,11,47,"الإصحاح الحادي عشر
هوشع,11,48,"الإصحاح الحادي عشر
هوشع,11,49,"الإصحاح الحادي عشر
هوشع,11,50,"الإصحاح الحادي عشر
هوشع,11,51,"الإصحاح الحادي عشر
هوشع,11,52,"الإصحاح الحادي عشر
هوشع,11,53,"الإصحاح الحادي عشر
هوشع,11,54,"الإصحاح الحادي عشر
هوشع,11,55,"الإصحاح الحادي عشر
هوشع,11,56,"الإصحاح الحادي عشر
هوشع,11,57,"الإصحاح الحادي عشر
هوشع,11,58,"الإصحاح الحادي عشر
هوشع,11,59,"الإصحاح الحادي عشر
هوشع,11,60,"الإصحاح الحادي عشر
هوشع,11,61,"الإصحاح الحادي عشر
هوشع,11,62,"الإصحاح الحادي عشر
هوشع,11,63,"الإصحاح الحادي عشر
هوشع,11,64,"الإصحاح الحادي عشر
هوشع,11,65,"الإصحاح الحادي عشر
هوشع,11,66,"الإصحاح الحادي عشر
هوشع,11,67,"الإصحاح الحادي عشر
هوشع,11,68,"الإصحاح الحادي عشر
هوشع,11,69,"الإصحاح الحادي عشر
هوشع,11,70,"الإصحاح الحادي عشر
هوشع,11,71,"الإصحاح الحادي عشر
هوشع,11,72,"الإصحاح الحادي عشر
هوشع,11,73,"الإصحاح الحادي عشر
هوشع,11,74,"الإصحاح الحادي عشر
هوشع,11,75,"الإصحاح الحادي عشر
هوشع,11,76,"الإصحاح الحادي عشر
هوشع,11,77,"الإصحاح الحادي عشر
هوشع,11,78,"الإصحاح الحادي عشر
هوشع,11,79,"الإصحاح الحادي عشر
هوشع,11,80,"الإصحاح الحادي عشر
هوشع,11,81,"الإصحاح الحادي عشر
هوشع,11,82,"الإصحاح الحادي عشر
هوشع,11,83,"الإصحاح الحادي عشر
هوشع,11,84,"الإصحاح الحادي عشر
هوشع,11,85,"الإصحاح الحادي عشر
هوشع,11,86,"الإصحاح الحادي عشر
هوشع,11,87,"الإصحاح الحادي عشر
هوشع,11,88,"الإصحاح الحادي عشر
هوشع,11,89,"الإصحاح الحادي عشر
هوشع,11,90,"الإصحاح الحادي عشر
هوشع,11,91,"الإصحاح الحادي عشر
هوشع,11,92,"الإصحاح الحادي عشر
هوشع,11,93,"الإصحاح الحادي عشر
هوشع,11,94,"الإصحاح الحادي عشر
هوشع,11,95,"الإصحاح الحادي عشر
هوشع,11,96,"الإصحاح الحادي عشر
هوشع,11,97,"الإصحاح الحادي عشر
هوشع,11,98,"الإصحاح الحادي عشر
هوشع,11,99,"الإصحاح الحادي عشر
هوشع,12,1,"الإصحاح الثاني عشر
هوشع,12,2,"الإصحاح الثاني عشر
هوشع,12,3,"الإصحاح الثاني عشر
هوشع,12,4,"الإصحاح الثاني عشر
هوشع,12,5,"الإصحاح الثاني عشر
هوشع,12,6,"الإصحاح الثاني عشر
هوشع,12,7,"الإصحاح الثاني عشر
هوشع,12,8,"الإصحاح الثاني عشر
هوشع,12,9,"الإصحاح الثاني عشر
هوشع,12,10,"الإصحاح الثاني عشر
هوشع,12,11,"الإصحاح الثاني عشر
هوشع,12,12,"الإصحاح الثاني عشر
هوشع,12,13,"الإصحاح الثاني عشر
هوشع,12,14,"الإصحاح الثاني عشر
هوشع,12,15,"الإصحاح الثاني عشر
هوشع,12,16,"الإصحاح الثاني عشر
هوشع,12,17,"الإصحاح الثاني عشر
هوشع,12,18,"الإصحاح الثاني عشر
هوشع,12,19,"الإصحاح الثاني عشر
هوشع,12,20,"الإصحاح الثاني عشر
هوشع,12,21,"الإصحاح الثاني عشر
هوشع,12,22,"الإصحاح الثاني عشر
هوشع,12,23,"الإصحاح الثاني عشر
هوشع,12,24,"الإصحاح الثاني عشر
هوشع,12,25,"الإصحاح الثاني عشر
هوشع,12,26,"الإصحاح الثاني عشر
هوشع,12,27,"الإصحاح الثاني عشر
هوشع,12,28,"الإصحاح الثاني عشر
هوشع,12,29,"الإصحاح الثاني عشر
هوشع,12,30,"الإصحاح الثاني عشر
هوشع,12,31,"الإصحاح الثاني عشر
هوشع,12,32,"الإصحاح الثاني عشر
هوشع,12,33,"الإصحاح الثاني عشر
هوشع,12,34,"الإصحاح الثاني عشر
هوشع,12,35,"الإصحاح الثاني عشر
هوشع,12,36,"الإصحاح الثاني عشر
هوشع,12,37,"الإصحاح الثاني عشر
هوشع,12,38,"الإصحاح الثاني عشر
هوشع,12,39,"الإصحاح الثاني عشر
هوشع,12,40,"الإصحاح الثاني عشر
هوشع,12,41,"الإصحاح الثاني عشر
هوشع,12,42,"الإصحاح الثاني عشر
هوشع,12,43,"الإصحاح الثاني عشر
هوشع,12,44,"الإصحاح الثاني عشر
هوشع,12,45,"الإصحاح الثاني عشر
هوشع,12,46,"الإصحاح الثاني عشر
هوشع,12,47,"الإصحاح الثاني عشر
هوشع,12,48,"الإصحاح الثاني عشر
هوشع,12,49,"الإصحاح الثاني عشر
هوشع,12,50,"الإصحاح الثاني عشر
هوشع,12,51,"الإصحاح الثاني عشر
هوشع,12,52,"الإصحاح الثاني عشر
هوشع,12,53,"الإصحاح الثاني عشر
هوشع,12,54,"الإصحاح الثاني عشر
هوشع,12,55,"الإصحاح الثاني عشر
هوشع,12,56,"الإصحاح الثاني عشر
هوشع,12,57,"الإصحاح الثاني عشر
هوشع,12,58,"الإصحاح الثاني عشر
هوشع,12,59,"الإصحاح الثاني عشر
هوشع,12,60,"الإصحاح الثاني عشر
هوشع,12,61,"الإصحاح الثاني عشر
هوشع,12,62,"الإصحاح الثاني عشر
هوشع,12,63,"الإصحاح الثاني عشر
هوشع,12,64,"الإصحاح الثاني عشر
هوشع,12,65,"الإصحاح الثاني عشر
هوشع,12,66,"الإصحاح الثاني عشر
هوشع,12,67,"الإصحاح الثاني عشر
هوشع,12,68,"الإصحاح الثاني عشر
هوشع,12,69,"الإصحاح الثاني عشر
هوشع,12,70,"الإصحاح الثاني عشر
هوشع,12,71,"الإصحاح الثاني عشر
هوشع,12,72,"الإصحاح الثاني عشر
هوشع,12,73,"الإصحاح الثاني عشر
هوشع,12,74,"الإصحاح الثاني عشر
هوشع,12,75,"الإصحاح الثاني عشر
هوشع,12,76,"الإصحاح الثاني عشر
هوشع,12,77,"الإصحاح الثاني عشر
هوشع,12,78,"الإصحاح الثاني عشر
هوشع,12,79,"الإصحاح الثاني عشر
هوشع,12,80,"الإصحاح الثاني عشر
هوشع,12,81,"الإصحاح الثاني عشر
هوشع,12,82,"الإصحاح الثاني عشر
هوشع,12,83,"الإصحاح الثاني عشر
هوشع,12,84,"الإصحاح الثاني عشر
هوشع,12,85,"الإصحاح الثاني عشر
هوشع,12,86,"الإصحاح الثاني عشر
هوشع,12,87,"الإصحاح الثاني عشر
هوشع,12,88,"الإصحاح الثاني عشر
هوشع,12,89,"الإصحاح الثاني عشر
هوشع,12,90,"الإصحاح الثاني عشر
هوشع,12,91,"الإصحاح الثاني عشر
هوشع,12,92,"الإصحاح الثاني عشر
هوشع,12,93,"الإصحاح الثاني عشر
هوشع,12,94,"الإصحاح الثاني عشر
هوشع,12,95,"الإصحاح الثاني عشر
هوشع,12,96,"الإصحاح الثاني عشر
هوشع,12,97,"الإصحاح الثاني عشر
هوشع,12,98,"الإصحاح الثاني عشر
هوشع,12,99,"الإصحاح الثاني عشر
هوشع,13,1,"الإصحاح الثالث عشر
هوشع,13,2,"الإصحاح الثالث عشر
هوشع,13,3,"الإصحاح الثالث عشر
هوشع,13,4,"الإصحاح الثالث عشر
هوشع,13,5,"الإصحاح الثالث عشر
هوشع,13,6,"الإصحاح الثالث عشر
هوشع,13,7,"الإصحاح الثالث عشر
هوشع,13,8,"الإصحاح الثالث عشر
هوشع,13,9,"الإصحاح الثالث عشر
هوشع,13,10,"الإصحاح الثالث عشر
هوشع,13,11,"الإصحاح الثالث عشر
هوشع,13,12,"الإصحاح الثالث عشر
هوشع,13,13,"الإصحاح الثالث عشر
هوشع,13,14,"الإصحاح الثالث عشر
هوشع,13,15,"الإصحاح الثالث عشر
هوشع,13,16,"الإصحاح الثالث عشر
هوشع,13,17,"الإصحاح الثالث عشر
هوشع,13,18,"الإصحاح الثالث عشر
هوشع,13,19,"الإصحاح الثالث عشر
هوشع,13,20,"الإصحاح الثالث عشر
هوشع,13,21,"الإصحاح الثالث عشر
هوشع,13,22,"الإصحاح الثالث عشر
هوشع,13,23,"الإصحاح الثالث عشر
هوشع,13,24,"الإصحاح الثالث عشر
هوشع,13,25,"الإصحاح الثالث عشر
هوشع,13,26,"الإصحاح الثالث عشر
هوشع,13,27,"الإصحاح الثالث عشر
هوشع,13,28,"الإصحاح الثالث عشر
هوشع,13,29,"الإصحاح الثالث عشر
هوشع,13,30,"الإصحاح الثالث عشر
هوشع,13,31,"الإصحاح الثالث عشر
هوشع,13,32,"الإصحاح الثالث عشر
هوشع,13,33,"الإصحاح الثالث عشر
هوشع,13,34,"الإصحاح الثالث عشر
هوشع,13,35,"الإصحاح الثالث عشر
هوشع,13,36,"الإصحاح الثالث عشر
هوشع,13,37,"الإصحاح الثالث عشر
هوشع,13,38,"الإصحاح الثالث عشر
هوشع,13,39,"الإصحاح الثالث عشر
هوشع,13,40,"الإصحاح الثالث عشر
هوشع,13,41,"الإصحاح الثالث عشر
هوشع,13,42,"الإصحاح الثالث عشر
هوشع,13,43,"الإصحاح الثالث عشر
هوشع,13,44,"الإصحاح الثالث عشر
هوشع,13,45,"الإصحاح الثالث عشر
هوشع,13,46,"الإصحاح الثالث عشر
هوشع,13,47,"الإصحاح الثالث عشر
هوشع,13,48,"الإصحاح الثالث عشر
هوشع,13,49,"الإصحاح الثالث عشر
هوشع,13,50,"الإصحاح الثالث عشر
هوشع,13,51,"الإصحاح الثالث عشر
هوشع,13,52,"الإصحاح الثالث عشر
هوشع,13,53,"الإصحاح الثالث عشر
هوشع,13,54,"الإصحاح الثالث عشر
هوشع,13,55,"الإصحاح الثالث عشر
هوشع,13,56,"الإصحاح الثالث عشر
هوشع,13,57,"الإصحاح الثالث عشر
هوشع,13,58,"الإصحاح الثالث عشر
هوشع,13,59,"الإصحاح الثالث عشر
هوشع,13,60,"الإصحاح الثالث عشر
هوشع,13,61,"الإصحاح الثالث عشر
هوشع,13,62,"الإصحاح الثالث عشر
هوشع,13,63,"الإصحاح الثالث عشر
هوشع,13,64,"الإصحاح الثالث عشر
هوشع,13,65,"الإصحاح الثالث عشر
هوشع,13,66,"الإصحاح الثالث عشر
هوشع,13,67,"الإصحاح الثالث عشر
هوشع,13,68,"الإصحاح الثالث عشر
هوشع,13,69,"الإصحاح الثالث عشر
هوشع,13,70,"الإصحاح الثالث عشر
هوشع,13,71,"الإصحاح الثالث عشر
هوشع,13,72,"الإصحاح الثالث عشر
هوشع,13,73,"الإصحاح الثالث عشر
هوشع,13,74,"الإصحاح الثالث عشر
هوشع,13,75,"الإصحاح الثالث عشر
هوشع,13,76,"الإصحاح الثالث عشر
هوشع,13,77,"الإصحاح الثالث عشر
هوشع,13,78,"الإصحاح الثالث عشر
هوشع,13,79,"الإصحاح الثالث عشر
هوشع,13,80,"الإصحاح الثالث عشر
هوشع,13,81,"الإصحاح الثالث عشر
هوشع,13,82,"الإصحاح الثالث عشر
هوشع,13,83,"الإصحاح الثالث عشر
هوشع,13,84,"الإصحاح الثالث عشر
هوشع,13,85,"الإصحاح الثالث عشر
هوشع,13,86,"الإصحاح الثالث عشر
هوشع,13,87,"الإصحاح الثالث عشر
هوشع,13,88,"الإصحاح الثالث عشر
هوشع,13,89,"الإصحاح الثالث عشر
هوشع,13,90,"الإصحاح الثالث عشر
هوشع,13,91,"الإصحاح الثالث عشر
هوشع,13,92,"الإصحاح الثالث عشر
هوشع,13,93,"الإصحاح الثالث عشر
هوشع,13,94,"الإصحاح الثالث عشر
هوشع,13,95,"الإصحاح الثالث عشر
هوشع,13,96,"الإصحاح الثالث عشر
هوشع,13,97,"الإصحاح الثالث عشر
هوشع,13,98,"الإصحاح الثالث عشر
هوشع,13,99,"الإصحاح الثالث عشر
هوشع,14,1,"الإصحاح الرابع عشر
هوشع,14,2,"الإصحاح الرابع عشر
هوشع,14,3,"الإصحاح الرابع عشر
هوشع,14,4,"الإصحاح الرابع عشر
هوشع,14,5,"الإصحاح الرابع عشر
هوشع,14,6,"الإصحاح الرابع عشر
هوشع,14,7,"الإصحاح الرابع عشر
هوشع,14,8,"الإصحاح الرابع عشر
هوشع,14,9,"الإصحاح الرابع عشر
هوشع,14,10,"الإصحاح الرابع عشر
هوشع,14,11,"الإصحاح الرابع عشر
هوشع,14,12,"الإصحاح الرابع عشر
هوشع,14,13,"الإصحاح الرابع عشر
هوشع,14,14,"الإصحاح الرابع عشر
هوشع,14,15,"الإصحاح الرابع عشر
هوشع,14,16,"الإصحاح الرابع عشر
هوشع,14,17,"الإصحاح الرابع عشر
هوشع,14,18,"الإصحاح الرابع عشر
هوشع,14,19,"الإصحاح الرابع عشر
هوشع,14,20,"الإصحاح الرابع عشر
هوشع,14,21,"الإصحاح الرابع عشر
هوشع,14,22,"الإصحاح الرابع عشر
هوشع,14,23,"الإصحاح الرابع عشر
هوشع,14,24,"الإصحاح الرابع عشر
هوشع,14,25,"الإصحاح الرابع عشر
هوشع,14,26,"الإصحاح الرابع عشر
هوشع,14,27,"الإصحاح الرابع عشر
هوشع,14,28,"الإصحاح الرابع عشر
هوشع,14,29,"الإصحاح الرابع عشر
هوشع,14,30,"الإصحاح الرابع عشر
هوشع,14,31,"الإصحاح الرابع عشر
هوشع,14,32,"الإصحاح الرابع عشر
هوشع,14,33,"الإصحاح الرابع عشر
هوشع,14,34,"الإصحاح الرابع عشر
هوشع,14,35,"الإصحاح الرابع عشر
هوشع,14,36,"الإصحاح الرابع عشر
هوشع,14,37,"الإصحاح الرابع عشر
هوشع,14,38,"الإصحاح الرابع عشر
هوشع,14,39,"الإصحاح الرابع عشر
هوشع,14,40,"الإصحاح الرابع عشر
هوشع,14,41,"الإصحاح الرابع عشر
هوشع,14,42,"الإصحاح الرابع عشر
هوشع,14,43,"الإصحاح الرابع عشر
هوشع,14,44,"الإصحاح الرابع عشر
هوشع,14,45,"الإصحاح الرابع عشر
هوشع,14,46,"الإصحاح الرابع عشر
هوشع,14,47,"الإصحاح الرابع عشر
هوشع,14,48,"الإصحاح الرابع عشر
هوشع,14,49,"الإصحاح الرابع عشر
هوشع,14,50,"الإصحاح الرابع عشر
هوشع,14,51,"الإصحاح الرابع عشر
هوشع,14,52,"الإصحاح الرابع عشر
هوشع,14,53,"الإصحاح الرابع عشر
هوشع,14,54,"الإصحاح الرابع عشر
هوشع,14,55,"الإصحاح الرابع عشر
هوشع,14,56,"الإصحاح الرابع عشر
هوشع,14,57,"الإصحاح الرابع عشر
هوشع,14,58,"الإصحاح الرابع عشر
هوشع,14,59,"الإصحاح الرابع عشر
هوشع,14,60,"الإصحاح الرابع عشر
هوشع,14,61,"الإصحاح الرابع عشر
هوشع,14,62,"الإصحاح الرابع عشر
هوشع,14,63,"الإصحاح الرابع عشر
هوشع,14,64,"الإصحاح الرابع عشر
هوشع,14,65,"الإصحاح الرابع عشر
هوشع,14,66,"الإصحاح الرابع عشر
هوشع,14,67,"الإصحاح الرابع عشر
هوشع,14,68,"الإصحاح الرابع عشر
هوشع,14,69,"الإصحاح الرابع عشر
هوشع,14,70,"الإصحاح الرابع عشر
هوشع,14,71,"الإصحاح الرابع عشر
هوشع,14,72,"الإصحاح الرابع عشر
هوشع,14,73,"الإصحاح الرابع عشر
هوشع,14,74,"الإصحاح الرابع عشر
هوشع,14,75,"الإصحاح الرابع عشر
هوشع,14,76,"الإصحاح الرابع عشر
هوشع,14,77,"الإصحاح الرابع عشر
هوشع,14,78,"الإصحاح الرابع عشر
هوشع,14,79,"الإصحاح الرابع عشر
هوشع,14,80,"الإصحاح الرابع عشر
هوشع,14,81,"الإصحاح الرابع عشر
هوشع,14,82,"الإصحاح الرابع عشر
هوشع,14,83,"الإصحاح الرابع عشر
هوشع,14,84,"الإصحاح الرابع عشر
هوشع,14,85,"الإصحاح الرابع عشر
هوشع,14,86,"الإصحاح الرابع عشر
هوشع,14,87,"الإصحاح الرابع عشر
هوشع,14,88,"الإصحاح الرابع عشر
هوشع,14,89,"الإصحاح الرابع عشر
هوشع,14,90,"الإصحاح الرابع عشر
هوشع,14,91,"الإصحاح الرابع عشر
هوشع,14,92,"الإصحاح الرابع عشر
هوشع,14,93,"الإصحاح الرابع عشر
هوشع,14,94,"الإصحاح الرابع عشر
هوشع,14,95,"الإصحاح الرابع عشر
هوشع,14,96,"الإصحاح الرابع عشر
هوشع,14,97,"الإصحاح الرابع عشر
هوشع,14,98,"الإصحاح الرابع عشر
هوشع,14,99,"الإصحاح الرابع عشر